id,first_name,last_name,email,gender,ip_address,salary
1,Katherine,Cooper,kcooper0@google.ca,Female,112.209.180.235,$59232.26
2,Helen,Adams,hadams1@hud.gov,Female,30.224.3.164,-9999
3,Bonnie,Hart,bhart2@scribd.com,Female,227.58.242.9,$45012.68
4,Jesse,Davis,jdavis3@ning.com,Male,253.155.126.86,$89419.36
5,Victor,Martin,vmartin4@cpanel.net,Male,96.198.44.161,$76540.98
6,Mildred,Mcdonald,mmcdonald5@people.com.cn,Female,17.227.35.154,$75766.59
7,David,Ferguson,dferguson6@typepad.com,Male,167.2.168.100,$89612.30
8,Helen,Gomez,hgomez7@altervista.org,Female,217.9.150.208,$30576.13
9,Michael,Crawford,mcrawford8@163.com,Male,139.129.52.199,$29338.93
10,Michael,Sullivan,msullivan9@canalblog.com,Male,2.219.114.227,$96204.98
11,Bruce,Watson,bwatsona@sbwire.com,,185.220.140.176,$82434.58
12,Melissa,Jordan,mjordanb@icq.com,Female,194.213.173.218,$40382.97
13,Mildred,Harper,mharperc@wiley.com,Female,8.85.18.180,$83093.78
14,Joshua,Murphy,jmurphyd@cbslocal.com,,68.246.135.147,$24748.10
15,Lawrence,Kelley,lkelleye@cdc.gov,Male,189.231.233.195,$39266.35
16,Antonio,Carpenter,acarpenterf@arstechnica.com,,76.162.199.12,-9999
17,Dennis,Grant,dgrantg@paginegialle.it,Male,164.124.171.65,$74315.81
18,Jessica,Richards,jrichardsh@e-recht24.de,Female,164.118.159.170,-9999
19,Ann,Gilbert,agilberti@guardian.co.uk,Female,91.86.96.100,$43614.96
20,Amy,Hall,ahallj@mapy.cz,Female,89.197.137.187,$31536.16
21,Diane,Harrison,dharrisonk@last.fm,Female,99.234.126.205,$88515.28
22,Willie,Burns,wburnsl@typepad.com,Male,177.36.245.102,$54897.54
23,Carol,Austin,caustinm@fastcompany.com,Female,47.187.118.164,$29144.68
24,Andrew,Spencer,aspencern@cpanel.net,Male,59.22.114.151,$43735.36
25,Christine,Jenkins,cjenkinso@stanford.edu,Female,21.239.255.184,$93398.25
26,Jacqueline,Palmer,jpalmerp@zdnet.com,Female,50.60.240.224,$56694.01
27,Kenneth,Barnes,kbarnesq@symantec.com,Male,146.112.101.65,$71936.20
28,Deborah,Rice,dricer@jugem.jp,Female,81.96.207.112,$66883.03
29,Michael,Allen,mallens@blinklist.com,Male,191.109.173.147,$46200.69
30,Charles,Carroll,ccarrollt@gov.uk,Male,236.37.74.208,$22523.02
31,Bruce,Chapman,bchapmanu@imageshack.us,Male,129.199.44.247,$26989.93
32,Robin,Payne,rpaynev@loc.gov,,128.1.233.140,$20109.44
33,Julia,Ortiz,jortizw@slashdot.org,Female,61.21.99.93,$24153.45
34,Philip,Sullivan,psullivanx@ycombinator.com,Male,138.152.182.19,$47396.15
35,James,Reid,jreidy@yandex.ru,Male,238.137.50.65,$91462.66
36,Diane,Kennedy,dkennedyz@wikispaces.com,Female,39.155.119.129,$46458.80
37,Mary,Hawkins,mhawkins10@mysql.com,Female,211.98.91.159,$67374.45
38,Lois,Garrett,lgarrett11@diigo.com,Female,229.205.169.147,$86138.34
39,Louis,Vasquez,lvasquez12@seesaa.net,Male,153.89.77.176,$58336.84
40,Donald,Lee,dlee13@ed.gov,Male,122.193.230.40,$73449.39
41,Mark,Daniels,mdaniels14@cnbc.com,Male,227.244.235.94,$31417.73
42,Earl,Chavez,echavez15@vkontakte.ru,Male,108.157.64.233,$34172.32
43,Scott,Rice,srice16@sphinn.com,Male,74.240.88.218,$59998.42
44,Ryan,Bowman,rbowman17@bloglines.com,Male,187.161.83.241,$86056.03
45,Sean,Alvarez,salvarez18@twitter.com,Male,64.15.98.47,$27261.64
46,Samuel,White,swhite19@virginia.edu,Male,181.212.109.198,$26040.98
47,Peter,Harris,pharris1a@state.tx.us,Male,74.9.71.78,$31998.74
48,Larry,Woods,lwoods1b@bloglovin.com,Male,248.124.200.47,$22686.86
49,Lois,Sanchez,lsanchez1c@bravesites.com,,183.187.64.23,$84532.70
50,Billy,Flores,bflores1d@columbia.edu,Male,103.192.23.132,$90848.37
51,Scott,West,swest1e@artisteer.com,Male,137.23.90.14,$49428.57
52,Julie,Robinson,jrobinson1f@oracle.com,Female,106.184.52.95,$68739.25
53,Louis,Arnold,larnold1g@joomla.org,Male,117.143.235.83,$35454.79
54,Dennis,Jacobs,djacobs1h@yelp.com,Male,238.28.164.229,$82653.74
55,Anna,Weaver,aweaver1i@networksolutions.com,Female,229.82.189.20,$56297.19
56,Kimberly,Rivera,krivera1j@blog.com,Female,124.121.9.134,$87144.26
57,Mark,Alexander,malexander1k@pinterest.com,Male,196.105.152.110,$50260.22
58,Chris,Austin,caustin1l@addtoany.com,,196.175.239.84,$24330.51
59,Douglas,Smith,dsmith1m@hugedomains.com,Male,239.138.241.28,$86256.29
60,Amy,Walker,awalker1n@slideshare.net,Female,47.61.206.216,$43096.46
61,Jacqueline,Kim,jkim1o@nps.gov,Female,73.62.82.165,$70772.88
62,Brenda,Romero,bromero1p@deviantart.com,Female,65.45.25.165,$92779.53
63,Shirley,Nelson,snelson1q@ovh.net,Female,249.242.169.66,$44834.83
64,Adam,Jackson,ajackson1r@dailymail.co.uk,Male,38.231.79.78,$59263.18
65,Martin,Kim,mkim1s@msu.edu,Male,166.112.153.185,$89896.10
66,Michael,Baker,mbaker1t@epa.gov,Male,129.72.246.122,$31675.17
67,Louis,Clark,lclark1u@sogou.com,Male,201.79.26.170,$50349.95
68,Joyce,Wallace,jwallace1v@creativecommons.org,Female,149.234.191.65,-9999
69,George,Stanley,gstanley1w@ehow.com,Male,123.125.67.225,$55513.17
70,Debra,Gordon,dgordon1x@woothemes.com,Female,45.254.213.48,$82021.06
71,Amy,Shaw,ashaw1y@list-manage.com,Female,42.152.25.103,$98016.64
72,Margaret,Anderson,manderson1z@chron.com,Female,182.4.223.82,$98705.62
73,Johnny,Ford,jford20@marketwatch.com,Male,216.27.90.98,$26913.74
74,Ann,Carpenter,acarpenter21@wikimedia.org,Female,215.253.53.202,$76136.48
75,Sharon,Crawford,scrawford22@state.tx.us,Female,36.77.104.195,$65852.38
76,Anthony,Turner,aturner23@bandcamp.com,Male,103.116.122.160,$27856.24
77,Emily,Mills,emills24@tumblr.com,Female,215.165.118.192,$75352.68
78,Beverly,Nguyen,bnguyen25@moonfruit.com,Female,14.222.130.8,$56459.16
79,Jose,Kelley,jkelley26@ehow.com,Male,14.188.129.36,$52948.45
80,Melissa,Morales,mmorales27@nps.gov,Female,26.126.0.130,$55564.50
81,Cynthia,Johnson,cjohnson28@fema.gov,Female,7.161.137.46,$39474.67
82,Nancy,Rodriguez,nrodriguez29@ebay.com,Female,5.139.250.229,$88764.21
83,Benjamin,Woods,bwoods2a@scribd.com,Male,217.4.68.255,$61413.02
84,Frank,Morris,fmorris2b@wikia.com,Male,50.215.164.11,$33368.47
85,Ruby,Wallace,rwallace2c@diigo.com,Female,79.161.49.142,$84441.59
86,Mildred,Chapman,mchapman2d@list-manage.com,Female,141.172.232.23,$72726.54
87,Cheryl,Dean,cdean2e@netvibes.com,Female,15.36.176.244,$43235.99
88,Roger,Austin,raustin2f@nhs.uk,Male,113.34.180.177,$97569.80
89,Johnny,Alvarez,jalvarez2g@soup.io,Male,72.113.158.54,$99560.61
90,Steve,Day,sday2h@squidoo.com,Male,221.209.116.139,$87726.04
91,Laura,Morrison,lmorrison2i@histats.com,Female,204.239.22.252,$68494.65
92,Wanda,Cole,wcole2j@china.com.cn,Female,110.95.113.88,$92781.18
93,Ruth,Griffin,rgriffin2k@imdb.com,Female,38.134.207.218,$51129.63
94,Willie,Porter,wporter2l@tinypic.com,Male,250.86.158.176,$81783.70
95,Maria,Vasquez,mvasquez2m@issuu.com,Female,198.232.212.96,$56456.59
96,Jacqueline,Sanders,jsanders2n@about.com,Female,12.71.186.58,$49955.97
97,Paul,Turner,pturner2o@intel.com,Male,122.158.76.147,$40633.27
98,Frank,Wallace,fwallace2p@is.gd,Male,60.72.31.184,$46512.23
99,George,Garrett,ggarrett2q@home.pl,Male,186.122.46.124,$74932.38
100,Kelly,Black,kblack2r@techcrunch.com,Female,46.216.53.121,$55912.78
101,Irene,Berry,iberry2s@ucla.edu,Female,98.249.22.101,$62351.46
102,Kevin,Turner,kturner2t@over-blog.com,Male,199.13.240.59,$60118.10
103,Roger,Peterson,rpeterson2u@washington.edu,Male,75.203.15.79,$36322.83
104,Tammy,Willis,twillis2v@examiner.com,Female,252.1.2.78,$65001.33
105,Martha,Mccoy,mmccoy2w@github.com,,227.13.93.233,$66936.62
106,Dorothy,Crawford,dcrawford2x@lulu.com,Female,242.152.182.168,-9999
107,Bruce,Diaz,bdiaz2y@issuu.com,Male,174.146.83.200,$23191.90
108,Juan,Gonzales,jgonzales2z@icq.com,Male,239.51.42.24,$50495.76
109,Ruth,Austin,raustin30@skyrock.com,Female,159.188.143.46,$82629.74
110,Jessica,Chavez,jchavez31@examiner.com,Female,231.34.169.222,$55619.47
111,Brian,Stewart,bstewart32@usatoday.com,Male,190.30.73.139,$41618.57
112,Jessica,Oliver,joliver33@bandcamp.com,Female,199.32.238.42,$96122.26
113,Shawn,Frazier,sfrazier34@google.es,Male,229.181.197.175,$73793.35
114,Lori,Lawrence,llawrence35@state.gov,Female,238.254.190.221,$53846.93
115,Kathleen,Harrison,kharrison36@booking.com,Female,9.131.91.151,$89067.76
116,Raymond,Roberts,rroberts37@1688.com,Male,125.27.97.42,$68457.57
117,Wayne,Robertson,wrobertson38@tmall.com,Male,67.61.79.51,$23959.24
118,Gregory,Morgan,gmorgan39@livejournal.com,Male,245.130.129.206,$54700.29
119,Deborah,Nichols,dnichols3a@mapquest.com,Female,19.152.22.67,$90285.75
120,Jose,Berry,jberry3b@china.com.cn,Male,216.42.106.162,$54759.71
121,Ann,Moore,amoore3c@ow.ly,Female,7.197.87.73,$42760.13
122,Paul,Oliver,poliver3d@hao123.com,Male,144.162.67.114,$65770.52
123,Justin,Harper,jharper3e@latimes.com,Male,62.148.0.254,$30119.88
124,Gloria,Hill,ghill3f@hc360.com,Female,123.58.251.21,$78559.87
125,Shawn,Kennedy,skennedy3g@sciencedirect.com,Male,218.50.156.84,$50533.22
126,Earl,Peterson,epeterson3h@constantcontact.com,Male,119.77.24.222,$90282.51
127,Deborah,Mills,dmills3i@irs.gov,Female,118.61.55.111,$40070.45
128,Helen,Hicks,hhicks3j@skype.com,Female,112.206.92.202,$27293.97
129,Dorothy,Torres,dtorres3k@harvard.edu,Female,106.190.42.200,$66830.17
130,Steven,Coleman,scoleman3l@51.la,Male,16.166.94.206,$26342.92
131,Michael,Carroll,mcarroll3m@friendfeed.com,Male,196.167.112.130,$51183.65
132,Sarah,Ford,sford3n@123-reg.co.uk,Female,182.132.7.15,-9999
133,Lillian,Lane,llane3o@vinaora.com,Female,141.119.128.209,$83202.14
134,Randy,Henry,rhenry3p@chron.com,Male,80.49.92.161,-9999
135,Heather,Reynolds,hreynolds3q@mysql.com,Female,128.5.159.5,$60982.40
136,Evelyn,Mccoy,emccoy3r@naver.com,Female,231.83.245.243,$80467.53
137,Johnny,Robertson,jrobertson3s@wisc.edu,Male,1.222.28.82,$22468.11
138,Barbara,Wells,bwells3t@photobucket.com,Female,155.163.2.221,$83698.73
139,Peter,Smith,psmith3u@java.com,Male,138.172.203.11,$31789.81
140,Joyce,Simpson,jsimpson3v@slate.com,Female,235.163.203.59,$52967.63
141,Walter,Flores,wflores3w@alibaba.com,Male,31.103.109.130,$82809.41
142,Kathy,Bowman,kbowman3x@bing.com,Female,186.69.26.164,$55729.51
143,Arthur,Simmons,asimmons3y@ning.com,Male,45.96.155.142,$62060.49
144,Heather,Cox,hcox3z@digg.com,Female,140.5.199.91,$74654.30
145,Phyllis,Mcdonald,pmcdonald40@nps.gov,Female,86.147.223.82,$31339.19
146,Amy,Payne,apayne41@g.co,,135.63.114.202,$36690.78
147,Diane,Jordan,djordan42@va.gov,Female,77.175.117.0,$72051.16
148,Jimmy,Cox,jcox43@mediafire.com,Male,213.39.49.32,$71830.80
149,Irene,Harris,iharris44@blinklist.com,Female,144.208.223.145,$47780.02
150,Lori,Fields,lfields45@yellowpages.com,Female,103.216.2.2,$73769.72
151,James,Elliott,jelliott46@sciencedirect.com,Male,200.156.159.65,$68798.51
152,Craig,Phillips,cphillips47@dedecms.com,Male,204.185.28.1,$48011.74
153,Albert,Rivera,arivera48@latimes.com,Male,226.208.193.107,$74376.26
154,Norma,Stanley,nstanley49@deliciousdays.com,,156.64.173.8,$49021.18
155,Kelly,Jordan,kjordan4a@washington.edu,Female,94.6.202.252,$70685.34
156,Shawn,West,swest4b@techcrunch.com,Male,102.64.34.164,$80579.62
157,Johnny,Richards,jrichards4c@nyu.edu,Male,213.92.63.202,$20553.39
158,Frank,Kim,fkim4d@multiply.com,Male,251.43.20.132,$82979.66
159,Helen,Sullivan,hsullivan4e@infoseek.co.jp,Female,61.169.78.117,$53791.83
160,Helen,Reid,hreid4f@purevolume.com,Female,66.77.76.207,$41208.15
161,Roy,Martin,rmartin4g@cnn.com,Male,33.121.140.97,$63545.80
162,Steve,Scott,sscott4h@weather.com,Male,11.53.46.150,$40069.99
163,Jerry,Harris,jharris4i@aol.com,Male,153.222.250.163,$69111.00
164,Harry,Perez,hperez4j@hhs.gov,Male,70.98.65.53,$26445.21
165,Christine,Mason,cmason4k@cnbc.com,Female,241.128.4.226,$69260.15
166,Linda,Schmidt,lschmidt4l@php.net,Female,66.48.45.19,$27771.15
167,Scott,Brooks,sbrooks4m@ocn.ne.jp,,127.19.116.126,$86317.27
168,Carolyn,Mendoza,cmendoza4n@istockphoto.com,Female,230.209.184.144,$67326.90
169,Jane,Evans,jevans4o@smugmug.com,Female,8.5.8.10,$71689.43
170,Heather,Coleman,hcoleman4p@columbia.edu,Female,249.140.184.165,$40270.59
171,Barbara,Evans,bevans4q@instagram.com,Female,57.58.74.92,$75842.19
172,James,Mendoza,jmendoza4r@scientificamerican.com,Male,225.87.161.99,$41547.75
173,Julie,Banks,jbanks4s@drupal.org,Female,234.137.190.237,$96802.04
174,Benjamin,Montgomery,bmontgomery4t@yolasite.com,Male,199.2.39.178,$56323.09
175,Sara,Robinson,srobinson4u@last.fm,,142.66.74.1,$88338.01
176,Theresa,Powell,tpowell4v@xrea.com,Female,106.6.251.96,$66548.27
177,Katherine,Chapman,kchapman4w@blogger.com,Female,252.109.33.160,$95216.11
178,Kelly,Simmons,ksimmons4x@fastcompany.com,Female,169.102.118.61,$76392.09
179,Andrew,Flores,aflores4y@gravatar.com,,4.69.18.118,$23211.35
180,Eugene,Turner,eturner4z@senate.gov,Male,178.218.82.52,$99507.12
181,Ralph,Oliver,roliver50@zdnet.com,Male,82.235.126.26,$72851.48
182,Margaret,Andrews,mandrews51@bbc.co.uk,Female,65.93.186.116,$45756.26
183,Kenneth,Sanders,ksanders52@ucoz.ru,Male,122.221.99.181,$44854.54
184,Juan,Murray,jmurray53@nyu.edu,Male,188.14.141.140,$99243.93
185,Teresa,Hunt,thunt54@prlog.org,Female,202.91.30.255,$44828.90
186,Philip,Lewis,plewis55@friendfeed.com,Male,116.54.227.158,$90855.42
187,Walter,Washington,wwashington56@oakley.com,Male,219.201.137.98,$80907.77
188,James,Harrison,jharrison57@yale.edu,Male,0.213.239.91,-9999
189,Stephen,Evans,sevans58@devhub.com,,37.175.150.175,$91608.64
190,Sharon,Chavez,schavez59@t.co,Female,243.94.218.186,$70439.40
191,Catherine,Chavez,cchavez5a@360.cn,Female,96.26.97.215,$21246.53
192,Anne,Brown,abrown5b@theguardian.com,Female,189.53.199.40,$46430.74
193,Joe,Kelley,jkelley5c@domainmarket.com,Male,63.10.144.146,$24788.05
194,Anthony,Wheeler,awheeler5d@163.com,Male,42.41.198.202,$96989.66
195,Clarence,Kim,ckim5e@slate.com,Male,218.73.192.204,$73040.14
196,Sarah,Owens,sowens5f@newyorker.com,Female,47.142.186.254,$25626.63
197,Frances,Perkins,fperkins5g@google.fr,Female,42.36.29.244,$47645.36
198,Ernest,Ward,eward5h@scientificamerican.com,Male,128.188.153.2,$82988.77
199,Henry,Kennedy,hkennedy5i@washington.edu,Male,4.155.60.219,$97370.45
200,Bobby,Berry,bberry5j@bloglovin.com,,54.125.77.150,$63134.09
201,Ruth,Henderson,rhenderson5k@i2i.jp,Female,172.24.4.52,$82247.03
202,Katherine,Lane,klane5l@umich.edu,Female,187.19.11.2,$95346.00
203,Jennifer,Ramos,jramos5m@fastcompany.com,Female,0.235.136.251,$45643.72
204,Emily,Gray,egray5n@ibm.com,Female,133.212.98.100,$89150.51
205,Adam,Vasquez,avasquez5o@taobao.com,Male,228.243.1.176,$61869.96
206,Steve,Griffin,sgriffin5p@mayoclinic.com,,135.15.126.77,$26624.54
207,Carolyn,Morales,cmorales5q@loc.gov,Female,121.52.164.106,$61754.74
208,Rose,Richards,rrichards5r@constantcontact.com,Female,107.59.158.112,$65775.44
209,Bonnie,Crawford,bcrawford5s@eepurl.com,Female,23.201.242.92,$28488.47
210,Julia,Wells,jwells5t@4shared.com,Female,228.6.217.27,$25030.17
211,Benjamin,Tucker,btucker5u@ed.gov,Male,247.38.236.133,$64202.34
212,Theresa,Hernandez,thernandez5v@friendfeed.com,Female,18.47.193.3,$42160.27
213,Bruce,Dixon,bdixon5w@a8.net,Male,223.245.144.204,$73719.49
214,Beverly,Cole,bcole5x@nps.gov,Female,34.100.14.176,$29565.78
215,Matthew,Sanchez,msanchez5y@upenn.edu,Male,36.5.25.15,$98836.33
216,Lawrence,Cooper,lcooper5z@squidoo.com,Male,3.47.88.23,$39743.44
217,Carolyn,Dean,cdean60@tuttocitta.it,,220.24.221.200,$64523.03
218,Michael,Stephens,mstephens61@flickr.com,Male,185.134.187.96,$99780.04
219,Jane,Martinez,jmartinez62@indiatimes.com,Female,81.220.26.41,$42805.52
220,Ralph,Henry,rhenry63@dedecms.com,Male,4.229.201.198,$83618.72
221,Rose,Crawford,rcrawford64@who.int,Female,106.221.178.209,$30177.68
222,Charles,Sims,csims65@google.cn,Male,229.134.207.210,$97539.02
223,Melissa,Turner,mturner66@yandex.ru,Female,252.15.150.10,$44771.57
224,Heather,Woods,hwoods67@china.com.cn,,211.14.239.64,$80598.69
225,Steven,Butler,sbutler68@abc.net.au,Male,147.142.255.128,$75773.65
226,Cheryl,Alexander,calexander69@berkeley.edu,Female,172.44.148.60,$29479.27
227,Kathy,Wilson,kwilson6a@jigsy.com,Female,208.103.80.56,$69306.59
228,Doris,Carr,dcarr6b@marriott.com,,4.51.140.13,$92021.06
229,Diana,Williamson,dwilliamson6c@businesswire.com,Female,86.55.139.204,$85857.69
230,Terry,Richards,trichards6d@java.com,Male,176.38.225.159,$66765.34
231,Theresa,Reed,treed6e@xrea.com,Female,61.248.136.146,$56001.09
232,Sharon,Wagner,swagner6f@ox.ac.uk,Female,43.45.14.39,$42164.93
233,Louise,Owens,lowens6g@ebay.co.uk,Female,36.35.39.153,$67982.37
234,Robin,Gordon,rgordon6h@comsenz.com,Female,235.92.67.149,$83088.52
235,Emily,Simmons,esimmons6i@is.gd,Female,202.38.234.97,$75420.20
236,Matthew,Walker,mwalker6j@chicagotribune.com,Male,87.51.127.140,$23610.34
237,Carol,Jordan,cjordan6k@bbc.co.uk,Female,242.93.0.16,$45214.17
238,Doris,Marshall,dmarshall6l@123-reg.co.uk,Female,189.37.140.213,$93558.91
239,Kelly,Parker,kparker6m@google.com.au,Female,127.6.4.77,-9999
240,Karen,Walker,kwalker6n@squidoo.com,Female,218.55.135.100,$83828.78
241,Carlos,Adams,cadams6o@nba.com,Male,132.197.99.40,$33535.24
242,Randy,Stewart,rstewart6p@ovh.net,Male,240.90.38.90,$63417.37
243,Brian,Turner,bturner6q@theatlantic.com,Male,252.194.180.170,$33272.81
244,Kelly,Burton,kburton6r@ft.com,Female,29.13.36.49,$88869.78
245,Margaret,Marshall,mmarshall6s@ycombinator.com,Female,10.202.217.208,$41840.15
246,Tammy,Stewart,tstewart6t@vimeo.com,Female,252.189.112.185,$70970.52
247,Joe,Fisher,jfisher6u@redcross.org,Male,91.102.63.22,$27070.78
248,Nancy,Freeman,nfreeman6v@netscape.com,Female,82.175.4.182,$20153.02
249,Brian,Sullivan,bsullivan6w@fotki.com,Male,210.75.60.248,-9999
250,Rose,Rivera,rrivera6x@webs.com,Female,235.102.249.75,$71321.74
251,Harold,Kelly,hkelly6y@newyorker.com,Male,212.135.215.80,$99362.50
252,Steve,Dixon,sdixon6z@umich.edu,Male,248.121.54.13,-9999
253,Ernest,Ford,eford70@vkontakte.ru,Male,193.46.112.248,$42784.04
254,Gerald,Johnson,gjohnson71@cloudflare.com,Male,45.27.158.139,$36138.08
255,Julia,Parker,jparker72@ask.com,Female,166.188.15.120,$50810.57
256,Theresa,Reid,treid73@cdc.gov,Female,158.153.255.110,$39564.63
257,George,Harper,gharper74@washingtonpost.com,Male,88.241.229.125,$50129.81
258,Christopher,Lee,clee75@addtoany.com,Male,144.223.192.6,$41491.25
259,Donald,Williamson,dwilliamson76@springer.com,Male,216.161.151.227,$77845.10
260,Timothy,Lopez,tlopez77@free.fr,Male,254.254.60.24,$95977.41
261,Charles,Pierce,cpierce78@google.ru,Male,235.97.83.152,$89443.12
262,Diane,Hanson,dhanson79@nifty.com,Female,172.229.54.198,$50083.17
263,Nancy,Chapman,nchapman7a@google.ru,Female,38.232.94.159,$70092.39
264,Anne,Lewis,alewis7b@ebay.com,Female,9.159.28.142,$35739.24
265,Aaron,Foster,afoster7c@vimeo.com,Male,252.13.124.213,$87110.18
266,Ralph,Stewart,rstewart7d@kickstarter.com,Male,197.244.171.163,$60495.00
267,Howard,Washington,hwashington7e@cbslocal.com,Male,209.173.48.94,$51163.13
268,Jack,Gordon,jgordon7f@hc360.com,Male,250.190.204.50,$96041.26
269,Larry,Hunt,lhunt7g@sbwire.com,Male,223.14.30.130,$28707.26
270,Heather,Allen,hallen7h@booking.com,Female,29.169.241.93,$96007.30
271,Karen,Lane,klane7i@usgs.gov,Female,25.28.195.218,$54479.25
272,Kathy,Davis,kdavis7j@nymag.com,Female,69.102.175.249,$50766.85
273,Julie,Weaver,jweaver7k@google.com.au,Female,100.101.217.215,$25372.28
274,Alice,Hall,ahall7l@opensource.org,Female,195.249.147.249,$66449.19
275,Harold,Rogers,hrogers7m@sourceforge.net,Male,152.206.198.73,$74869.88
276,Carol,Sanders,csanders7n@mayoclinic.com,Female,108.146.128.23,$86416.69
277,Donna,Nguyen,dnguyen7o@booking.com,Female,0.237.243.31,$33856.27
278,Linda,Carpenter,lcarpenter7p@topsy.com,Female,179.22.51.158,$37243.86
279,Heather,Morales,hmorales7q@slate.com,Female,154.130.13.54,$70358.59
280,Sharon,Morgan,smorgan7r@ovh.net,Female,82.51.126.229,$95471.74
281,Jacqueline,Tucker,jtucker7s@storify.com,Female,19.50.14.241,$54134.96
282,Ryan,Austin,raustin7t@fastcompany.com,Male,158.44.190.215,-9999
283,Sara,George,sgeorge7u@sohu.com,Female,183.140.141.203,$43152.86
284,Amanda,Jacobs,ajacobs7v@xing.com,Female,55.76.196.2,$71419.42
285,Christopher,Parker,cparker7w@gravatar.com,Male,87.169.78.110,$57203.67
286,Antonio,Henry,ahenry7x@baidu.com,Male,170.252.159.222,$49578.71
287,Amy,Martin,amartin7y@eventbrite.com,Female,247.168.241.210,$45006.11
288,Joe,Morris,jmorris7z@list-manage.com,Male,19.41.225.139,$90960.67
289,Phyllis,Sims,psims80@ameblo.jp,Female,110.64.128.106,$78773.08
290,Timothy,Young,tyoung81@youtube.com,Male,179.18.91.116,$46784.13
291,Mary,Bailey,mbailey82@ucoz.ru,Female,225.2.227.119,$25170.53
292,Judith,Garrett,jgarrett83@census.gov,Female,156.23.17.65,$82578.45
293,Timothy,Greene,tgreene84@google.com.br,Male,228.1.113.130,-9999
294,Lillian,Gutierrez,lgutierrez85@cbslocal.com,Female,204.114.130.124,$48418.24
295,Angela,Lane,alane86@foxnews.com,Female,53.52.112.112,$69682.97
296,Denise,Campbell,dcampbell87@netvibes.com,Female,138.251.47.15,$54346.37
297,Catherine,Moreno,cmoreno88@taobao.com,Female,138.170.173.27,$90926.75
298,Todd,Hawkins,thawkins89@nyu.edu,,250.40.191.47,$99122.62
299,Roy,Hanson,rhanson8a@pen.io,Male,141.147.80.133,$92798.99
300,Anna,Cooper,acooper8b@discovery.com,Female,53.43.220.171,$69127.45
301,Bonnie,Hamilton,bhamilton8c@quantcast.com,Female,233.171.202.199,$63536.86
302,Gloria,Dixon,gdixon8d@woothemes.com,Female,215.31.92.141,$80841.61
303,Heather,Walker,hwalker8e@oracle.com,Female,241.228.98.78,$29528.09
304,Phillip,Austin,paustin8f@spiegel.de,Male,139.28.119.225,$50662.61
305,Kathy,Ray,kray8g@google.com.br,,52.40.1.29,$22917.56
306,Bobby,Reed,breed8h@usa.gov,Male,242.203.0.229,$72453.07
307,Thomas,Riley,triley8i@bravesites.com,Male,50.234.102.116,$41794.17
308,Evelyn,Fisher,efisher8j@nyu.edu,Female,165.169.173.226,$28688.48
309,Andrew,Meyer,ameyer8k@washingtonpost.com,Male,40.24.127.22,-9999
310,Ralph,Harvey,rharvey8l@ebay.com,Male,172.127.59.128,$39922.09
311,Elizabeth,Stevens,estevens8m@eepurl.com,Female,96.159.127.178,$29908.01
312,Teresa,Young,tyoung8n@jugem.jp,Female,116.118.191.202,$65051.72
313,Brian,Stone,bstone8o@virginia.edu,Male,27.77.123.251,$29218.13
314,Heather,Johnston,hjohnston8p@istockphoto.com,Female,179.127.183.90,$70287.51
315,Fred,Griffin,fgriffin8q@marketwatch.com,Male,207.60.44.102,$85908.59
316,Juan,Cook,jcook8r@topsy.com,Male,252.194.198.5,$31498.47
317,Walter,Brown,wbrown8s@tamu.edu,Male,168.156.163.14,$54141.69
318,Julie,Coleman,jcoleman8t@w3.org,Female,169.140.253.176,$46028.95
319,Anne,Day,aday8u@themeforest.net,Female,251.233.132.245,$65989.06
320,Jerry,Bailey,jbailey8v@blinklist.com,Male,80.68.233.91,$41493.27
321,Diana,Sims,dsims8w@pbs.org,Female,93.86.105.13,$29284.88
322,Justin,Perez,jperez8x@amazon.co.uk,Male,52.40.0.111,$83688.55
323,Nicholas,Mills,nmills8y@naver.com,Male,45.139.75.143,$63964.77
324,Norma,Black,nblack8z@npr.org,Female,119.208.10.47,$80764.91
325,Michelle,Green,mgreen90@about.com,Female,10.242.183.132,$71028.97
326,Ralph,White,rwhite91@time.com,Male,185.9.116.154,$84502.07
327,Bobby,Wallace,bwallace92@booking.com,Male,224.185.92.51,$93338.55
328,Brandon,Holmes,bholmes93@pinterest.com,Male,147.212.215.171,$83231.04
329,Diane,Lawson,dlawson94@wix.com,Female,196.216.30.115,$62967.79
330,Joseph,Fuller,jfuller95@businessinsider.com,Male,9.109.225.151,$53249.52
331,Michael,Lynch,mlynch96@mapy.cz,,143.107.192.61,$97510.98
332,Jesse,Sims,jsims97@google.ca,Male,158.34.95.239,$29867.98
333,Chris,Mcdonald,cmcdonald98@networkadvertising.org,,163.203.63.227,$72626.01
334,Joseph,Montgomery,jmontgomery99@un.org,Male,139.66.2.160,$51867.47
335,Samuel,Lane,slane9a@fastcompany.com,Male,110.200.235.50,$67995.27
336,Willie,Gonzales,wgonzales9b@fema.gov,Male,136.191.233.167,$79611.35
337,Mildred,Howard,mhoward9c@fotki.com,Female,201.136.235.172,$56948.16
338,Amy,Stephens,astephens9d@google.de,Female,35.230.20.117,$85880.50
339,Ann,Stevens,astevens9e@instagram.com,Female,204.1.10.187,$46955.92
340,Amanda,Butler,abutler9f@newyorker.com,Female,122.70.82.147,$48998.07
341,Roy,Castillo,rcastillo9g@twitpic.com,,3.110.64.82,$70872.59
342,Jennifer,Frazier,jfrazier9h@foxnews.com,Female,20.228.255.158,$41467.28
343,Jacqueline,Jordan,jjordan9i@altervista.org,Female,21.31.176.157,$98419.63
344,Judy,Wells,jwells9j@wiley.com,Female,125.12.0.85,$68592.20
345,James,Hunt,jhunt9k@theguardian.com,Male,67.126.217.78,$85820.00
346,Cynthia,Fisher,cfisher9l@miibeian.gov.cn,Female,124.189.191.154,$78785.24
347,Peter,Fox,pfox9m@tinypic.com,,63.128.45.250,$37019.63
348,Paul,Schmidt,pschmidt9n@sakura.ne.jp,Male,241.133.124.156,$27392.12
349,Ruby,Boyd,rboyd9o@delicious.com,,43.24.241.205,-9999
350,David,Nguyen,dnguyen9p@nature.com,Male,97.186.34.127,$63000.13
351,Joshua,Robinson,jrobinson9q@pen.io,Male,160.25.154.105,$88277.58
352,Albert,Morris,amorris9r@wikimedia.org,Male,213.148.158.79,$27511.84
353,Chris,Grant,cgrant9s@google.com.hk,Male,239.3.250.126,$36243.69
354,Sarah,Edwards,sedwards9t@google.it,Female,95.20.244.226,$29596.87
355,Tina,Roberts,troberts9u@ftc.gov,Female,63.21.90.176,$94001.01
356,Judy,Harris,jharris9v@blinklist.com,Female,144.115.153.124,$47573.28
357,Joyce,Hunt,jhunt9w@gravatar.com,Female,14.92.163.163,$82974.92
358,Jerry,White,jwhite9x@bbc.co.uk,Male,5.130.144.160,-9999
359,Juan,Howard,jhoward9y@list-manage.com,Male,67.29.235.182,$34586.76
360,Randy,Hernandez,rhernandez9z@wikipedia.org,Male,231.52.175.69,-9999
361,Evelyn,Owens,eowensa0@nifty.com,Female,207.127.235.17,$32571.65
362,James,Kelly,jkellya1@studiopress.com,Male,168.17.158.202,$58848.36
363,Carol,Pierce,cpiercea2@ibm.com,Female,94.8.20.41,$33124.56
364,Jason,George,jgeorgea3@xinhuanet.com,Male,76.136.86.65,$87116.49
365,Virginia,Duncan,vduncana4@netscape.com,Female,178.83.236.144,$79038.86
366,Katherine,Hansen,khansena5@imdb.com,Female,125.140.56.70,$80576.93
367,Mark,Kelly,mkellya6@cloudflare.com,Male,134.223.39.74,$79590.71
368,Jacqueline,Bryant,jbryanta7@eepurl.com,Female,35.58.82.219,$98757.06
369,Howard,Fisher,hfishera8@chronoengine.com,Male,224.107.207.147,$96581.99
370,Anna,Gomez,agomeza9@fc2.com,Female,82.17.41.178,$48012.25
371,Betty,Perry,bperryaa@washingtonpost.com,Female,209.20.113.109,$70073.00
372,Chris,Brooks,cbrooksab@latimes.com,,79.106.223.64,$71527.63
373,Judy,Gonzalez,jgonzalezac@ed.gov,Female,73.157.28.88,$44177.99
374,Sean,Barnes,sbarnesad@google.com,Male,170.207.75.165,$37057.65
375,Brian,Wood,bwoodae@wiley.com,Male,126.241.6.102,$45878.67
376,Phyllis,Jacobs,pjacobsaf@naver.com,Female,52.52.193.192,$56031.11
377,Robert,Ray,rrayag@nifty.com,Male,224.157.66.163,$95158.44
378,George,Kelley,gkelleyah@admin.ch,Male,53.138.179.98,$50926.89
379,Andrew,Ellis,aellisai@hexun.com,Male,241.4.161.238,$91451.37
380,Samuel,Matthews,smatthewsaj@bloglovin.com,Male,218.34.189.134,$80331.04
381,Antonio,Williams,awilliamsak@admin.ch,Male,29.60.88.183,$57870.72
382,Dorothy,Armstrong,darmstrongal@nymag.com,,132.41.195.141,$40517.56
383,Chris,Frazier,cfrazieram@goo.ne.jp,Male,3.67.156.134,$81711.20
384,Paula,Carter,pcarteran@comsenz.com,Female,129.3.187.159,$85112.10
385,Carl,Armstrong,carmstrongao@cnbc.com,Male,209.75.170.118,$40815.98
386,Bonnie,Porter,bporterap@reverbnation.com,Female,56.59.175.5,$55760.05
387,Roy,Mcdonald,rmcdonaldaq@naver.com,Male,187.249.4.32,$24931.34
388,Anna,Armstrong,aarmstrongar@wix.com,Female,111.50.191.27,$84979.13
389,Frances,Wallace,fwallaceas@printfriendly.com,Female,18.156.105.146,$56514.34
390,Cheryl,Kennedy,ckennedyat@harvard.edu,Female,74.123.97.67,$78077.09
391,Joan,Andrews,jandrewsau@timesonline.co.uk,Female,48.210.185.139,$53720.10
392,Margaret,Greene,mgreeneav@t-online.de,Female,33.178.244.8,$50223.89
393,Keith,Lewis,klewisaw@columbia.edu,Male,109.75.75.123,$58046.90
394,Marie,Holmes,mholmesax@unesco.org,,204.4.20.215,$89595.23
395,Craig,Ray,crayay@cdbaby.com,Male,14.242.21.94,$88971.42
396,Bruce,Morales,bmoralesaz@technorati.com,Male,136.133.112.17,$84314.35
397,Paul,Green,pgreenb0@zdnet.com,Male,12.67.149.49,$70991.47
398,Ashley,Burke,aburkeb1@bizjournals.com,,187.76.188.220,$55437.49
399,Victor,Carter,vcarterb2@bing.com,Male,38.231.11.104,$41977.22
400,Theresa,Henderson,thendersonb3@shop-pro.jp,Female,109.114.190.188,$77212.40
401,Denise,Garcia,dgarciab4@techcrunch.com,Female,38.135.98.60,-9999
402,Eric,Henderson,ehendersonb5@taobao.com,Male,249.8.210.53,$72217.97
403,Jonathan,Peters,jpetersb6@tamu.edu,Male,174.3.105.208,$64865.79
404,Frank,Rice,friceb7@sfgate.com,Male,37.157.211.76,$64019.82
405,Julia,Hughes,jhughesb8@discovery.com,Female,239.163.178.24,$80706.31
406,Sharon,Edwards,sedwardsb9@irs.gov,Female,58.40.170.108,$89392.63
407,Mark,Elliott,melliottba@fda.gov,Male,13.99.242.70,$93992.46
408,Donald,Hudson,dhudsonbb@theatlantic.com,Male,24.211.216.211,-9999
409,Fred,Black,fblackbc@sfgate.com,Male,69.214.207.199,$39323.79
410,Rachel,Andrews,randrewsbd@so-net.ne.jp,Female,147.18.176.105,$77320.11
411,Mildred,Mason,mmasonbe@chronoengine.com,Female,220.37.122.127,-9999
412,Angela,Daniels,adanielsbf@businesswire.com,,28.154.216.254,$62673.79
413,Joseph,Brooks,jbrooksbg@examiner.com,Male,1.216.210.93,$72652.08
414,Andrea,Richardson,arichardsonbh@newsvine.com,Female,128.118.127.194,$76910.60
415,Eugene,Hansen,ehansenbi@t-online.de,,89.126.113.32,$84791.46
416,Deborah,Franklin,dfranklinbj@photobucket.com,Female,31.98.35.40,$70896.51
417,Dorothy,Elliott,delliottbk@addtoany.com,Female,237.154.174.213,$20095.52
418,Kimberly,Hayes,khayesbl@gov.uk,Female,172.139.155.100,$90225.33
419,Katherine,Larson,klarsonbm@diigo.com,Female,167.209.143.52,$49437.98
420,Kimberly,Frazier,kfrazierbn@wiley.com,,8.19.21.249,$86269.53
421,Ashley,Bailey,abaileybo@nyu.edu,Female,11.180.90.123,$21772.41
422,Alice,Adams,aadamsbp@xinhuanet.com,Female,149.42.226.204,$43849.95
423,Linda,Howell,lhowellbq@comcast.net,Female,125.129.45.243,$24638.18
424,Rose,Hansen,rhansenbr@ning.com,Female,46.206.152.231,$78754.67
425,Teresa,Little,tlittlebs@ezinearticles.com,Female,233.90.131.46,$21464.67
426,William,Carr,wcarrbt@wordpress.com,Male,156.171.162.31,$61153.87
427,Chris,Armstrong,carmstrongbu@ehow.com,Male,200.247.99.118,$80997.05
428,Chris,Banks,cbanksbv@nymag.com,Male,213.217.161.7,$97948.78
429,Todd,Bishop,tbishopbw@surveymonkey.com,Male,232.197.149.200,$48817.90
430,Mildred,Carpenter,mcarpenterbx@ftc.gov,Female,121.99.3.124,$46175.01
431,Raymond,Harrison,rharrisonby@ezinearticles.com,Male,133.125.90.189,$80065.47
432,Matthew,Sanders,msandersbz@sohu.com,Male,39.146.155.166,$83750.18
433,Mildred,Lawson,mlawsonc0@jigsy.com,,244.165.242.153,$66032.89
434,Diana,Lane,dlanec1@wunderground.com,Female,126.175.172.167,$70135.42
435,Barbara,Gonzalez,bgonzalezc2@bbc.co.uk,Female,40.163.107.233,$41836.62
436,Annie,Perkins,aperkinsc3@liveinternet.ru,,237.36.9.141,$35279.29
437,James,Smith,jsmithc4@hatena.ne.jp,Male,240.233.175.7,$21429.31
438,Patrick,Banks,pbanksc5@microsoft.com,Male,236.99.248.228,$72052.17
439,Roger,Grant,rgrantc6@sourceforge.net,Male,12.218.33.167,$36412.11
440,Teresa,Brown,tbrownc7@walmart.com,Female,254.229.205.143,$93013.58
441,Albert,Mendoza,amendozac8@mail.ru,Male,152.18.74.68,$58486.26
442,Charles,Jordan,cjordanc9@go.com,Male,241.221.113.182,$51502.39
443,Doris,Garza,dgarzaca@symantec.com,,168.66.30.201,$91233.75
444,Eugene,Shaw,eshawcb@amazon.co.jp,Male,124.51.16.221,$95095.00
445,Sharon,Griffin,sgriffincc@gmpg.org,,232.60.35.5,$41623.53
446,Stephen,Owens,sowenscd@marriott.com,Male,97.167.172.197,$59574.88
447,Eugene,Kelley,ekelleyce@twitpic.com,Male,182.50.116.124,$42670.58
448,Craig,Johnston,cjohnstoncf@bluehost.com,Male,203.215.52.219,$49257.25
449,Samuel,Palmer,spalmercg@miibeian.gov.cn,Male,137.96.102.38,$41729.34
450,Walter,Morales,wmoralesch@clickbank.net,Male,211.17.244.188,$20413.62
451,Joseph,Elliott,jelliottci@woothemes.com,Male,229.72.120.224,$41078.80
452,Eugene,Alvarez,ealvarezcj@amazon.de,Male,107.134.113.28,$96886.54
453,Terry,Armstrong,tarmstrongck@amazon.com,Male,86.15.190.138,$24163.86
454,Christopher,Myers,cmyerscl@goodreads.com,,208.248.24.22,$39641.00
455,James,Gray,jgraycm@amazonaws.com,Male,76.69.196.107,$65178.22
456,Christopher,Washington,cwashingtoncn@dion.ne.jp,Male,16.30.142.163,$99389.85
457,Christine,Allen,callenco@army.mil,Female,166.156.48.15,$61061.90
458,Louise,Rogers,lrogerscp@jigsy.com,Female,24.202.117.195,$82855.21
459,Sandra,Payne,spaynecq@mlb.com,Female,249.227.255.30,$41324.76
460,Ronald,Price,rpricecr@flickr.com,Male,102.115.253.121,$52939.46
461,Diane,Kelly,dkellycs@indiegogo.com,Female,9.16.61.158,$22696.59
462,Clarence,Coleman,ccolemanct@about.com,Male,51.45.245.92,$34592.98
463,William,White,wwhitecu@eventbrite.com,,21.230.70.233,$48971.33
464,Debra,Stanley,dstanleycv@lycos.com,,103.67.126.150,$46154.37
465,Cheryl,Rose,crosecw@ning.com,Female,175.154.84.92,$84942.13
466,Charles,Woods,cwoodscx@mlb.com,Male,182.214.69.101,$41576.42
467,Bonnie,Barnes,bbarnescy@vinaora.com,Female,232.53.108.236,$49579.21
468,Roy,Medina,rmedinacz@boston.com,Male,188.40.1.82,$24023.25
469,Albert,Cooper,acooperd0@columbia.edu,Male,107.236.29.113,$85975.43
470,Justin,Cox,jcoxd1@bloglines.com,Male,226.149.144.244,$75141.72
471,Walter,Jones,wjonesd2@dmoz.org,Male,2.97.37.144,$31527.53
472,Ronald,Lee,rleed3@stumbleupon.com,Male,118.101.62.162,$74940.69
473,Wayne,Martin,wmartind4@google.de,Male,36.107.194.168,$85570.65
474,Arthur,Mason,amasond5@nasa.gov,Male,69.172.146.176,$20119.43
475,Eric,Myers,emyersd6@wikipedia.org,Male,31.222.32.165,$71724.96
476,Theresa,White,twhited7@ifeng.com,Female,7.87.33.24,$83399.04
477,Bruce,Romero,bromerod8@java.com,Male,152.144.208.99,$60862.28
478,Emily,Grant,egrantd9@prlog.org,Female,136.165.5.74,$35063.61
479,Eric,Myers,emyersda@cbslocal.com,Male,123.52.22.131,$31366.78
480,Earl,Duncan,eduncandb@vk.com,Male,170.209.97.28,$97970.55
481,Keith,West,kwestdc@twitter.com,Male,64.24.114.122,$48565.01
482,William,Peterson,wpetersondd@yellowpages.com,Male,240.97.241.44,$61795.14
483,Timothy,Mendoza,tmendozade@cloudflare.com,Male,170.42.71.63,$63588.50
484,Paula,James,pjamesdf@weibo.com,Female,137.19.31.196,$28274.86
485,Matthew,Taylor,mtaylordg@reference.com,Male,250.100.97.211,$29146.64
486,Kathleen,Knight,kknightdh@wordpress.com,Female,170.17.114.86,$78171.42
487,William,Smith,wsmithdi@artisteer.com,Male,125.148.114.42,$73972.95
488,Frank,Fields,ffieldsdj@tripod.com,Male,167.179.21.197,$99747.23
489,Willie,Snyder,wsnyderdk@craigslist.org,Male,91.131.140.101,$77468.12
490,Stephen,Sanchez,ssanchezdl@omniture.com,Male,55.90.175.239,$88329.81
491,David,Murphy,dmurphydm@prlog.org,Male,73.105.28.141,$94966.36
492,Shirley,Baker,sbakerdn@tinypic.com,Female,149.158.210.93,$27920.66
493,Benjamin,Dunn,bdunndo@unicef.org,Male,204.156.241.141,$45631.96
494,Jack,Robertson,jrobertsondp@wunderground.com,,141.131.213.22,$32743.59
495,Jose,Fisher,jfisherdq@umn.edu,Male,74.37.29.17,$32715.87
496,Katherine,Edwards,kedwardsdr@cafepress.com,Female,184.146.36.237,$94890.11
497,Denise,Kelley,dkelleyds@admin.ch,Female,213.21.95.183,$96789.94
498,Bruce,Harrison,bharrisondt@stanford.edu,,115.150.192.22,$57510.23
499,Irene,Kelley,ikelleydu@histats.com,Female,172.210.111.170,$76149.03
500,Jessica,Cruz,jcruzdv@statcounter.com,Female,125.146.224.190,$56066.28
501,Joe,Harvey,jharveydw@nhs.uk,,231.62.69.154,$46343.24
502,Beverly,Wheeler,bwheelerdx@reference.com,Female,130.196.158.251,$21224.79
503,Janice,Garrett,jgarrettdy@cnbc.com,,23.180.17.13,$25027.24
504,Joshua,Richardson,jrichardsondz@soundcloud.com,Male,143.185.192.127,$89160.21
505,Judy,Brooks,jbrookse0@upenn.edu,Female,207.255.209.219,$58490.61
506,Linda,Little,llittlee1@examiner.com,Female,200.162.71.89,$63759.17
507,Marilyn,Anderson,mandersone2@fotki.com,Female,72.203.58.164,$46058.05
508,Debra,Harrison,dharrisone3@pagesperso-orange.fr,Female,20.248.210.56,$84085.67
509,Justin,Burton,jburtone4@vistaprint.com,Male,69.157.80.79,$92379.45
510,Joe,Gonzalez,jgonzaleze5@cnn.com,Male,177.39.49.188,$40798.10
511,Jane,Edwards,jedwardse6@etsy.com,,114.41.104.59,$65797.77
512,Doris,Clark,dclarke7@jugem.jp,Female,35.213.84.198,$75601.06
513,Mildred,Mason,mmasone8@joomla.org,Female,156.97.182.106,$50915.70
514,Linda,Smith,lsmithe9@hp.com,Female,192.162.218.19,$97247.61
515,Justin,Chavez,jchavezea@businessweek.com,Male,63.225.44.140,$38928.70
516,Willie,Mills,wmillseb@wikimedia.org,Male,51.114.174.177,$53707.02
517,Shawn,Foster,sfosterec@posterous.com,Male,77.131.123.81,$98966.36
518,Cheryl,Alexander,calexandered@kickstarter.com,Female,36.84.212.91,$56107.96
519,Frances,Marshall,fmarshallee@ucsd.edu,,122.11.131.17,$69129.33
520,Wanda,Chavez,wchavezef@mit.edu,Female,214.126.47.167,$58268.48
521,Julie,Perkins,jperkinseg@goo.ne.jp,Female,46.174.89.106,$83295.11
522,Craig,Campbell,ccampbelleh@4shared.com,,106.39.71.82,$33271.10
523,Mark,Ellis,mellisei@free.fr,Male,54.165.201.136,$93755.53
524,Chris,Arnold,carnoldej@lycos.com,Male,38.18.109.114,$64908.18
525,Mark,Burns,mburnsek@cyberchimps.com,Male,42.96.110.75,$41988.85
526,Cynthia,Dunn,cdunnel@oracle.com,Female,74.188.2.241,$77315.84
527,Jacqueline,Ward,jwardem@dmoz.org,Female,8.235.207.59,$54952.46
528,Thomas,Young,tyoungen@apple.com,Male,90.79.74.37,$39132.69
529,Betty,Hicks,bhickseo@google.co.jp,Female,142.52.116.66,$45064.48
530,Maria,Mcdonald,mmcdonaldep@paypal.com,Female,118.161.63.201,$69598.39
531,Linda,Rice,lriceeq@weibo.com,Female,222.163.61.228,$81656.92
532,Janice,Myers,jmyerser@paginegialle.it,Female,1.12.238.107,$38878.14
533,Martin,White,mwhitees@google.com.br,Male,24.249.145.180,$56450.52
534,Jeremy,Perez,jperezet@plala.or.jp,Male,140.99.34.65,$55454.07
535,Judith,Hudson,jhudsoneu@mapy.cz,Female,168.114.92.94,$74632.46
536,Kimberly,Welch,kwelchev@usa.gov,Female,112.240.213.154,$36205.41
537,Ronald,Payne,rpayneew@vimeo.com,Male,246.143.174.161,$39098.33
538,Brian,Hall,bhallex@zimbio.com,Male,26.215.46.99,$49061.79
539,Douglas,Stone,dstoneey@clickbank.net,Male,141.117.61.201,$82804.83
540,Rachel,Roberts,rrobertsez@washington.edu,Female,171.88.232.15,$70429.59
541,Diane,Wells,dwellsf0@go.com,Female,5.123.221.170,$49066.71
542,Roger,Stone,rstonef1@oakley.com,Male,218.253.77.118,$40635.15
543,Peter,Nelson,pnelsonf2@ihg.com,Male,32.160.134.155,$56168.54
544,Linda,Hayes,lhayesf3@de.vu,Female,119.137.129.14,$74693.10
545,Brenda,Russell,brussellf4@usa.gov,Female,221.44.202.150,$61835.50
546,Willie,Lawrence,wlawrencef5@google.pl,,144.199.192.23,$22355.85
547,Donald,Barnes,dbarnesf6@samsung.com,Male,139.197.193.56,$75744.02
548,Thomas,Jones,tjonesf7@usa.gov,Male,207.133.254.30,$74361.83
549,Ronald,Mills,rmillsf8@imageshack.us,,186.66.9.240,$71360.00
550,Louis,Vasquez,lvasquezf9@vimeo.com,Male,189.133.244.20,$87695.22
551,Joshua,Phillips,jphillipsfa@google.fr,Male,197.38.189.194,$30018.81
552,Adam,Edwards,aedwardsfb@theguardian.com,Male,44.246.166.34,$51891.72
553,Shawn,Robertson,srobertsonfc@samsung.com,Male,228.203.151.50,$97954.35
554,Kevin,Black,kblackfd@reverbnation.com,Male,69.34.151.189,$46817.87
555,Martha,Wright,mwrightfe@weebly.com,Female,8.127.34.135,$82416.31
556,Lillian,Rivera,lriveraff@nationalgeographic.com,Female,221.75.125.70,$77237.46
557,Nancy,Rodriguez,nrodriguezfg@rediff.com,Female,103.144.112.244,$28923.00
558,Norma,Butler,nbutlerfh@state.gov,Female,194.16.97.146,$72957.70
559,Ruby,Roberts,rrobertsfi@taobao.com,Female,160.90.38.101,$65713.11
560,Steven,Garrett,sgarrettfj@illinois.edu,,227.171.254.53,$32590.28
561,Joan,Kelly,jkellyfk@51.la,Female,132.101.227.212,$56295.34
562,Matthew,Hanson,mhansonfl@ning.com,,113.36.118.218,$42828.56
563,Larry,Palmer,lpalmerfm@latimes.com,Male,129.198.77.221,$45033.46
564,Raymond,Hicks,rhicksfn@usa.gov,Male,152.28.42.218,$82021.78
565,Jane,Mcdonald,jmcdonaldfo@independent.co.uk,Female,184.218.86.71,$76317.19
566,Beverly,Garza,bgarzafp@xrea.com,Female,147.12.16.254,$50572.66
567,Donald,Fields,dfieldsfq@sbwire.com,Male,48.49.138.86,$41421.11
568,Ruby,Williams,rwilliamsfr@geocities.jp,Female,10.160.18.137,$62176.27
569,Lillian,Young,lyoungfs@alibaba.com,Female,246.193.226.193,$59251.55
570,Bobby,Coleman,bcolemanft@odnoklassniki.ru,Male,153.213.141.77,$46773.04
571,Justin,Howell,jhowellfu@rediff.com,Male,151.51.6.214,$74386.00
572,Larry,Wheeler,lwheelerfv@ow.ly,Male,156.37.214.97,$60272.41
573,Judith,Simpson,jsimpsonfw@kickstarter.com,Female,45.58.58.97,-9999
574,Rebecca,Wallace,rwallacefx@miibeian.gov.cn,Female,89.47.227.168,$68522.52
575,Stephen,Lawrence,slawrencefy@addtoany.com,,204.100.72.143,$22445.63
576,Kathryn,Bishop,kbishopfz@odnoklassniki.ru,Female,137.126.43.202,$62416.57
577,Jacqueline,Ortiz,jortizg0@home.pl,Female,28.230.57.133,$51176.98
578,Nancy,George,ngeorgeg1@ftc.gov,Female,21.13.206.50,$47998.54
579,Martin,Fisher,mfisherg2@vimeo.com,,189.216.41.1,$92105.38
580,Daniel,Cruz,dcruzg3@nsw.gov.au,Male,28.24.26.166,$74315.57
581,Sandra,Welch,swelchg4@psu.edu,Female,117.16.121.122,$72470.58
582,Louis,Allen,lalleng5@foxnews.com,Male,3.34.192.246,$36148.51
583,Jason,Welch,jwelchg6@webnode.com,Male,159.207.2.210,$75768.65
584,Rose,Brooks,rbrooksg7@cbslocal.com,Female,20.235.99.55,$71018.80
585,Dennis,Ferguson,dfergusong8@cnet.com,Male,111.140.3.72,$53649.62
586,Bruce,Alvarez,balvarezg9@mozilla.org,Male,30.93.1.96,$33347.93
587,Carlos,Harrison,charrisonga@wix.com,Male,174.175.206.161,$48936.28
588,Louis,Kelly,lkellygb@usatoday.com,Male,58.147.89.82,-9999
589,Lori,Martinez,lmartinezgc@networksolutions.com,,128.61.9.3,$42089.51
590,Samuel,Nguyen,snguyengd@hexun.com,Male,246.207.160.57,$90858.60
591,Jesse,Reid,jreidge@themeforest.net,Male,5.229.179.40,$20657.41
592,Jessica,Dunn,jdunngf@omniture.com,,44.82.185.38,$93471.44
593,Edward,Reid,ereidgg@indiatimes.com,Male,191.198.67.248,$78179.46
594,Ruth,Mcdonald,rmcdonaldgh@ucoz.ru,Female,31.178.2.47,$35572.01
595,Carolyn,Ross,crossgi@army.mil,Female,195.176.91.116,$97698.84
596,Katherine,Jenkins,kjenkinsgj@mapy.cz,,0.235.128.129,$95193.88
597,Albert,Rodriguez,arodriguezgk@boston.com,Male,151.59.153.14,$50108.96
598,Tina,Hernandez,thernandezgl@reverbnation.com,Female,161.208.218.158,$45904.45
599,Carol,Owens,cowensgm@dailymotion.com,,24.226.176.206,$74982.70
600,Juan,Nichols,jnicholsgn@un.org,Male,50.191.124.173,$67263.25
601,Lawrence,Porter,lportergo@so-net.ne.jp,Male,39.92.194.67,$42779.18
602,Lori,Allen,lallengp@spotify.com,Female,11.112.208.101,$61458.27
603,Margaret,Allen,mallengq@tamu.edu,Female,98.198.16.248,$48253.62
604,Lisa,Rose,lrosegr@ameblo.jp,Female,200.232.117.55,$97807.19
605,Harold,Garza,hgarzags@archive.org,Male,105.117.163.64,$64299.72
606,Emily,Wood,ewoodgt@intel.com,Female,190.61.56.152,$73585.36
607,Albert,Holmes,aholmesgu@purevolume.com,,121.148.94.149,$63438.92
608,Phillip,Burton,pburtongv@jugem.jp,Male,95.75.65.225,$52624.56
609,Denise,Robertson,drobertsongw@alexa.com,Female,64.240.44.139,$91869.76
610,Sandra,Brooks,sbrooksgx@over-blog.com,Female,244.140.41.4,$95597.53
611,Kevin,Dunn,kdunngy@sfgate.com,Male,93.90.60.238,$28112.09
612,Peter,Stanley,pstanleygz@aol.com,Male,27.128.120.236,-9999
613,Pamela,Elliott,pelliotth0@senate.gov,Female,240.140.124.50,$98937.88
614,Pamela,Ford,pfordh1@aol.com,Female,0.16.171.44,$77650.31
615,Randy,Martin,rmartinh2@facebook.com,Male,187.28.51.53,$86330.26
616,Andrew,Hayes,ahayesh3@blogtalkradio.com,Male,110.65.244.218,$97132.37
617,Sara,Black,sblackh4@archive.org,Female,65.152.199.253,$95300.38
618,Norma,Stone,nstoneh5@furl.net,Female,8.61.65.52,$21891.81
619,Jacqueline,Gray,jgrayh6@tinypic.com,Female,80.254.200.114,$73730.11
620,Kenneth,Ray,krayh7@dyndns.org,Male,244.43.123.73,$94716.09
621,Rebecca,Freeman,rfreemanh8@google.com.hk,Female,130.164.172.12,$62623.56
622,Jacqueline,Ruiz,jruizh9@so-net.ne.jp,,27.104.156.173,$44635.00
623,Janet,Collins,jcollinsha@example.com,Female,208.255.42.154,$39692.58
624,Roger,Jenkins,rjenkinshb@tumblr.com,Male,176.119.255.26,$24944.66
625,Todd,Larson,tlarsonhc@wordpress.com,Male,116.150.202.27,$31423.74
626,Donna,Edwards,dedwardshd@cornell.edu,Female,121.171.215.251,$21197.33
627,Teresa,Wood,twoodhe@time.com,,214.188.133.66,$32238.91
628,Carolyn,Bailey,cbaileyhf@quantcast.com,Female,109.170.23.105,$84691.40
629,Amy,Willis,awillishg@google.ru,,59.116.200.138,$87409.92
630,Judy,Gibson,jgibsonhh@ox.ac.uk,Female,16.47.66.66,$64200.14
631,Nancy,Snyder,nsnyderhi@house.gov,Female,134.85.246.91,$36591.65
632,Justin,Richardson,jrichardsonhj@ed.gov,Male,79.136.47.142,$25067.77
633,Albert,Rodriguez,arodriguezhk@mit.edu,Male,11.107.11.229,$22575.24
634,Maria,Lawrence,mlawrencehl@spotify.com,Female,1.147.81.218,$60903.15
635,Carlos,Hall,challhm@dion.ne.jp,Male,175.238.104.75,$37877.25
636,Martha,Cruz,mcruzhn@lycos.com,Female,179.127.182.157,$57380.48
637,Virginia,Castillo,vcastilloho@constantcontact.com,Female,105.170.113.208,$27353.54
638,Maria,Hamilton,mhamiltonhp@hatena.ne.jp,Female,13.76.158.199,$43862.21
639,Jose,Fuller,jfullerhq@google.ru,Male,202.161.88.114,$58299.52
640,Adam,Lee,aleehr@technorati.com,Male,194.4.203.3,$89420.84
641,Amanda,Flores,afloreshs@gmpg.org,Female,21.206.177.247,$38368.09
642,Phyllis,Walker,pwalkerht@ustream.tv,Female,0.13.118.247,$23064.90
643,Doris,Ferguson,dfergusonhu@irs.gov,Female,75.88.75.89,$80963.73
644,Patricia,Rivera,priverahv@auda.org.au,Female,209.50.198.200,$84279.93
645,Louis,Morrison,lmorrisonhw@virginia.edu,,208.223.23.94,$25371.06
646,Theresa,Gilbert,tgilberthx@w3.org,Female,248.126.174.112,$97000.84
647,David,Thompson,dthompsonhy@ow.ly,Male,150.109.223.150,$69188.29
648,Beverly,Lane,blanehz@fastcompany.com,Female,85.222.106.61,$79309.72
649,Jason,Garza,jgarzai0@webeden.co.uk,Male,98.160.8.115,$93627.93
650,Willie,Ray,wrayi1@sphinn.com,,136.171.84.195,$32584.45
651,Michelle,Weaver,mweaveri2@furl.net,,180.198.173.73,$56589.02
652,Thomas,Stanley,tstanleyi3@squarespace.com,Male,7.112.101.87,$48605.34
653,Johnny,Gordon,jgordoni4@omniture.com,Male,118.136.231.184,$57383.62
654,Julie,Little,jlittlei5@gravatar.com,,79.0.28.251,$92896.30
655,Timothy,Reed,treedi6@1688.com,Male,93.128.190.106,$69923.24
656,Alice,Griffin,agriffini7@statcounter.com,Female,229.43.175.235,$78375.12
657,Jose,Peters,jpetersi8@go.com,,72.155.65.71,$81113.97
658,Carolyn,Fields,cfieldsi9@goo.gl,,215.93.100.4,$85843.36
659,John,Marshall,jmarshallia@drupal.org,Male,139.146.211.47,$64919.13
660,Jacqueline,Hudson,jhudsonib@umn.edu,Female,241.57.115.31,$42597.78
661,Lillian,Howell,lhowellic@marriott.com,Female,137.39.35.239,$76095.93
662,Paul,Mitchell,pmitchellid@reverbnation.com,Male,56.47.180.0,$68908.89
663,Antonio,Thomas,athomasie@bluehost.com,Male,106.43.105.36,$91323.50
664,Martha,Pierce,mpierceif@usda.gov,Female,91.134.140.72,$47381.69
665,Richard,Dunn,rdunnig@php.net,Male,234.170.82.210,$35830.05
666,Ruby,Mendoza,rmendozaih@usa.gov,Female,53.41.226.0,$68965.98
667,Patricia,Morgan,pmorganii@cloudflare.com,,78.164.159.211,$93704.24
668,Julia,Mitchell,jmitchellij@cpanel.net,Female,18.185.27.21,$74647.14
669,Albert,Dean,adeanik@mashable.com,Male,218.167.39.43,$80034.98
670,Johnny,Peterson,jpetersonil@nps.gov,,99.9.174.126,$99462.42
671,Kelly,Wood,kwoodim@guardian.co.uk,Female,165.25.17.228,$40684.63
672,Beverly,Robertson,brobertsonin@etsy.com,Female,206.105.190.242,$35262.51
673,Willie,Ramos,wramosio@bloglines.com,Male,204.147.254.139,$84494.47
674,Steve,Stanley,sstanleyip@imdb.com,Male,246.186.141.253,$66069.52
675,Julie,Fox,jfoxiq@blogspot.com,Female,174.170.156.154,$50676.67
676,Frank,Andrews,fandrewsir@hhs.gov,Male,206.18.239.17,$39866.15
677,Albert,Gardner,agardneris@blogger.com,,18.191.159.33,$36674.05
678,Anna,Wells,awellsit@over-blog.com,Female,172.180.72.201,$55905.79
679,Robert,Kennedy,rkennedyiu@is.gd,Male,137.126.46.40,$22964.34
680,Carolyn,Pierce,cpierceiv@about.com,Female,85.24.52.185,$64563.34
681,Matthew,Hunter,mhunteriw@ning.com,Male,73.204.108.63,$22226.67
682,Katherine,Arnold,karnoldix@topsy.com,Female,255.45.22.89,$67381.91
683,Lawrence,Gray,lgrayiy@comcast.net,Male,251.136.52.188,$63980.80
684,Irene,Morgan,imorganiz@army.mil,,67.154.68.173,$85304.77
685,Diana,Ross,drossj0@aboutads.info,Female,155.116.16.109,$68066.28
686,Daniel,Graham,dgrahamj1@delicious.com,Male,207.194.44.155,$95018.95
687,Cheryl,Gordon,cgordonj2@walmart.com,Female,128.140.116.131,$50433.21
688,Aaron,Mccoy,amccoyj3@census.gov,Male,199.58.79.222,$57613.03
689,Maria,Moore,mmoorej4@hao123.com,Female,85.14.103.145,$84664.53
690,Sara,Diaz,sdiazj5@time.com,Female,206.32.72.238,$86154.46
691,Ernest,Hart,ehartj6@printfriendly.com,Male,156.209.123.95,$86793.35
692,Jessica,Edwards,jedwardsj7@toplist.cz,Female,114.98.148.185,$51321.23
693,Robert,Woods,rwoodsj8@hatena.ne.jp,Male,4.246.49.239,$22152.47
694,Jeffrey,Richardson,jrichardsonj9@ftc.gov,Male,96.182.94.42,$73345.21
695,Anna,Nichols,anicholsja@ustream.tv,Female,42.55.39.221,$44469.18
696,Craig,Pierce,cpiercejb@google.cn,Male,238.38.184.189,$82025.06
697,Lori,Reid,lreidjc@sitemeter.com,Female,200.148.147.141,$81405.28
698,Deborah,Chapman,dchapmanjd@bloomberg.com,Female,229.237.34.250,$55924.77
699,Martin,Allen,mallenje@gmpg.org,Male,208.226.83.4,$22145.45
700,Juan,Snyder,jsnyderjf@who.int,Male,201.185.158.230,$48021.47
701,Gary,Kelley,gkelleyjg@princeton.edu,Male,120.117.255.198,$24738.83
702,Jessica,Coleman,jcolemanjh@nifty.com,Female,140.136.126.255,$30962.66
703,Christine,Kim,ckimji@odnoklassniki.ru,Female,235.212.59.28,$24714.72
704,Jimmy,Cole,jcolejj@dailymail.co.uk,Male,92.39.242.241,$88483.79
705,Marilyn,Kim,mkimjk@boston.com,Female,224.182.26.62,$37318.83
706,Rachel,Morrison,rmorrisonjl@weebly.com,Female,246.11.126.206,$90864.31
707,Chris,Austin,caustinjm@google.de,,249.192.107.31,-9999
708,Catherine,Long,clongjn@usgs.gov,Female,53.4.84.223,$28769.59
709,Walter,Reynolds,wreynoldsjo@walmart.com,Male,210.165.18.60,$84613.13
710,Clarence,Edwards,cedwardsjp@flavors.me,Male,123.60.155.56,$24773.43
711,Johnny,Diaz,jdiazjq@ameblo.jp,Male,60.74.184.79,$84299.12
712,Donna,Reid,dreidjr@yahoo.com,Female,137.202.44.148,$99673.86
713,Jennifer,Carpenter,jcarpenterjs@bluehost.com,Female,90.103.139.149,$41416.08
714,Ryan,Johnson,rjohnsonjt@pagesperso-orange.fr,,150.207.189.115,$85544.51
715,Kathleen,Harper,kharperju@uiuc.edu,Female,14.245.176.238,$79143.27
716,Jack,Banks,jbanksjv@mapy.cz,Male,9.153.32.69,$93806.24
717,Daniel,Olson,dolsonjw@pagesperso-orange.fr,Male,45.240.172.241,$63656.26
718,Phillip,Wallace,pwallacejx@amazon.co.uk,,85.217.224.141,$67116.80
719,Angela,Bennett,abennettjy@ebay.co.uk,Female,59.104.131.210,$97311.65
720,Steve,Day,sdayjz@chicagotribune.com,Male,88.108.224.19,$74124.60
721,Jessica,Lynch,jlynchk0@theatlantic.com,,21.71.249.69,$50244.44
722,Kathy,Brown,kbrownk1@example.com,,115.13.202.9,$81183.47
723,Gregory,White,gwhitek2@cmu.edu,Male,222.20.152.246,$64577.08
724,Lois,Griffin,lgriffink3@jigsy.com,Female,181.14.240.23,$53416.01
725,William,Carr,wcarrk4@tinypic.com,Male,52.95.220.131,$99904.90
726,Donald,Patterson,dpattersonk5@spotify.com,Male,239.144.64.13,$66131.45
727,Michelle,Holmes,mholmesk6@gov.uk,Female,243.242.13.0,$62295.89
728,Martha,Ross,mrossk7@opera.com,Female,121.233.231.139,$48118.04
729,Teresa,Sullivan,tsullivank8@tuttocitta.it,Female,30.231.20.89,$34981.07
730,Ernest,Mendoza,emendozak9@stumbleupon.com,Male,206.93.91.27,$63300.49
731,Brian,Washington,bwashingtonka@wp.com,Male,111.27.216.142,$94301.04
732,Tammy,Russell,trussellkb@npr.org,Female,162.175.18.64,$56724.80
733,Michelle,Cole,mcolekc@feedburner.com,Female,15.62.85.187,$36333.49
734,Shawn,Lynch,slynchkd@jugem.jp,Male,116.214.181.90,$93501.35
735,Paula,Gonzales,pgonzaleske@photobucket.com,Female,215.62.130.91,$47433.48
736,Jerry,Butler,jbutlerkf@mail.ru,Male,63.102.222.83,$29222.32
737,Randy,Hanson,rhansonkg@accuweather.com,Male,61.134.73.95,$61915.09
738,Arthur,Howard,ahowardkh@admin.ch,Male,236.119.89.180,$88257.08
739,Patricia,Burton,pburtonki@mac.com,Female,234.49.43.145,$79692.86
740,Diana,Diaz,ddiazkj@msu.edu,Female,53.115.7.230,$32861.65
741,Heather,Burns,hburnskk@wired.com,,103.179.217.247,$55984.65
742,Clarence,Nelson,cnelsonkl@tinyurl.com,Male,186.239.35.71,$51616.16
743,Mildred,Lee,mleekm@desdev.cn,Female,192.98.0.151,$26839.29
744,Todd,Thomas,tthomaskn@mac.com,Male,61.86.228.150,$75114.38
745,Sandra,Gonzales,sgonzalesko@cisco.com,Female,202.78.172.148,$61946.65
746,Jerry,Chavez,jchavezkp@yahoo.co.jp,Male,146.59.20.170,$39224.07
747,Jonathan,Robertson,jrobertsonkq@mayoclinic.com,Male,41.110.5.88,$69818.70
748,Nicole,Ross,nrosskr@gravatar.com,Female,54.75.64.114,$91633.51
749,Douglas,Garrett,dgarrettks@ebay.co.uk,Male,57.169.242.191,$42528.36
750,Tina,Grant,tgrantkt@forbes.com,Female,73.253.5.203,$34868.25
751,Denise,Black,dblackku@home.pl,Female,192.161.105.132,$50345.11
752,Christina,Harrison,charrisonkv@gmpg.org,Female,150.244.170.222,$32436.15
753,Paula,Gilbert,pgilbertkw@people.com.cn,Female,228.232.67.144,$22938.75
754,Kimberly,Hawkins,khawkinskx@forbes.com,Female,67.106.82.131,$36848.98
755,Thomas,Carroll,tcarrollky@miitbeian.gov.cn,Male,99.188.28.130,$29244.60
756,Brenda,Weaver,bweaverkz@github.io,Female,15.140.72.174,$65616.60
757,Mark,Lopez,mlopezl0@bing.com,Male,9.122.212.21,$40278.67
758,Sarah,Rodriguez,srodriguezl1@taobao.com,Female,70.54.112.143,$74985.02
759,Peter,Montgomery,pmontgomeryl2@apple.com,Male,104.104.29.187,$72134.06
760,Albert,Rogers,arogersl3@uiuc.edu,Male,211.221.252.129,$57359.86
761,Julia,Warren,jwarrenl4@dell.com,Female,54.71.63.9,$66413.47
762,Johnny,Martinez,jmartinezl5@constantcontact.com,Male,88.236.234.212,$37907.18
763,Jimmy,Fisher,jfisherl6@comcast.net,Male,244.85.102.62,$74011.57
764,Robin,Gordon,rgordonl7@amazon.de,Female,195.235.251.157,$78016.84
765,Earl,Day,edayl8@amazon.co.jp,Male,243.230.109.141,$97039.86
766,David,Johnson,djohnsonl9@blogspot.com,,81.247.176.241,$67064.65
767,Christopher,Brown,cbrownla@youku.com,Male,161.73.175.74,$33996.89
768,Martha,Gonzales,mgonzaleslb@spiegel.de,Female,61.244.244.0,$37639.55
769,Joan,Gordon,jgordonlc@soundcloud.com,Female,219.84.38.85,$94947.42
770,Thomas,Bishop,tbishopld@census.gov,Male,219.197.18.112,$27941.67
771,Edward,Willis,ewillisle@unesco.org,Male,44.138.248.74,$39999.91
772,Bobby,Chavez,bchavezlf@army.mil,Male,200.89.214.139,$87636.47
773,Melissa,Crawford,mcrawfordlg@fotki.com,Female,160.121.100.49,$63939.10
774,Sean,Warren,swarrenlh@house.gov,Male,33.99.9.56,$74925.65
775,Rebecca,Cunningham,rcunninghamli@cnet.com,Female,177.194.175.123,$51783.60
776,Keith,Mitchell,kmitchelllj@symantec.com,Male,148.191.21.213,$56867.52
777,Teresa,Richardson,trichardsonlk@examiner.com,Female,228.13.177.7,$33502.28
778,Susan,Webb,swebbll@cmu.edu,Female,253.68.205.64,-9999
779,Steve,Gutierrez,sgutierrezlm@answers.com,,73.94.54.99,$83035.76
780,Harry,Adams,hadamsln@simplemachines.org,Male,154.133.253.115,$91753.60
781,Dorothy,Graham,dgrahamlo@tripod.com,Female,131.73.110.181,$70202.06
782,Doris,Mason,dmasonlp@aol.com,Female,12.210.211.195,-9999
783,Teresa,Kelley,tkelleylq@oakley.com,Female,100.64.232.166,$74419.03
784,Frank,Burke,fburkelr@walmart.com,Male,120.147.194.151,$85411.46
785,Jimmy,Fernandez,jfernandezls@dmoz.org,Male,139.42.189.134,$93593.28
786,Martha,Rose,mroselt@e-recht24.de,Female,163.240.233.112,$45192.44
787,Terry,Adams,tadamslu@telegraph.co.uk,Male,105.176.167.193,$35695.01
788,Nicholas,Reyes,nreyeslv@unblog.fr,Male,208.150.159.225,$29233.25
789,Amanda,Peters,apeterslw@1und1.de,Female,94.94.218.2,$48440.54
790,Phyllis,Snyder,psnyderlx@bigcartel.com,Female,108.21.178.109,$35842.98
791,Judy,Shaw,jshawly@mac.com,Female,119.177.87.191,$82785.04
792,Ralph,Hughes,rhugheslz@wp.com,Male,254.245.186.96,$46291.01
793,Barbara,Flores,bfloresm0@vinaora.com,,45.237.148.149,$86418.01
794,Kimberly,Barnes,kbarnesm1@51.la,Female,123.97.147.204,$46293.63
795,Ashley,Stephens,astephensm2@goo.gl,Female,213.124.174.231,$59341.51
796,Lois,King,lkingm3@mlb.com,Female,79.9.80.75,$36855.11
797,Daniel,Watkins,dwatkinsm4@tinypic.com,Male,118.108.105.100,$24091.90
798,Kathryn,Wright,kwrightm5@diigo.com,Female,165.192.147.10,$90837.93
799,Ashley,Dixon,adixonm6@nbcnews.com,Female,50.174.201.148,-9999
800,Howard,Simmons,hsimmonsm7@newyorker.com,Male,83.44.175.0,$96303.94
801,Diane,Clark,dclarkm8@forbes.com,Female,244.119.209.87,$33001.07
802,Roger,Mccoy,rmccoym9@soup.io,Male,250.107.171.55,$65116.24
803,Beverly,Armstrong,barmstrongma@amazon.com,Female,100.38.180.95,$43588.79
804,Kevin,Riley,krileymb@toplist.cz,Male,15.0.135.15,$93619.73
805,Gerald,Porter,gportermc@photobucket.com,Male,80.127.220.214,$24156.56
806,Donna,Burke,dburkemd@jimdo.com,Female,6.112.173.228,$56356.50
807,Andrea,Perez,aperezme@chicagotribune.com,Female,173.10.3.44,$70157.32
808,Dorothy,Mccoy,dmccoymf@typepad.com,Female,246.232.4.249,$25433.89
809,Amy,Boyd,aboydmg@patch.com,Female,214.114.95.15,$93736.65
810,Nicholas,Little,nlittlemh@oracle.com,Male,156.248.112.181,$88679.42
811,Aaron,Foster,afostermi@4shared.com,Male,123.58.154.37,-9999
812,Thomas,Riley,trileymj@slashdot.org,Male,234.202.107.52,$78803.29
813,Lisa,Willis,lwillismk@privacy.gov.au,,71.199.120.202,$76168.93
814,Henry,Webb,hwebbml@auda.org.au,Male,59.94.47.76,$53137.10
815,Diana,Perry,dperrymm@paginegialle.it,Female,197.57.237.160,$94623.81
816,Julie,Stanley,jstanleymn@ycombinator.com,Female,227.188.225.91,$59254.44
817,Joe,Ford,jfordmo@paginegialle.it,Male,14.246.147.225,$46886.39
818,Joyce,Elliott,jelliottmp@hp.com,,130.19.212.132,$26081.41
819,Karen,Day,kdaymq@shinystat.com,Female,223.119.82.84,$91064.56
820,Jeffrey,Montgomery,jmontgomerymr@arizona.edu,Male,3.59.124.41,$92861.96
821,Douglas,Fox,dfoxms@rambler.ru,,67.163.231.116,$34526.49
822,Phyllis,Thomas,pthomasmt@google.ru,Female,187.218.12.61,$77639.35
823,Kevin,Ross,krossmu@naver.com,Male,72.32.37.65,$78510.74
824,Andrew,Reyes,areyesmv@51.la,Male,244.19.108.172,$58262.44
825,Paula,Shaw,pshawmw@epa.gov,Female,111.146.216.45,$98696.16
826,Timothy,Banks,tbanksmx@symantec.com,Male,166.210.225.188,$43509.50
827,Louis,Franklin,lfranklinmy@t-online.de,Male,57.123.215.130,$20471.05
828,Sharon,Evans,sevansmz@vistaprint.com,Female,250.82.153.99,$78016.16
829,Arthur,Miller,amillern0@nasa.gov,,12.235.249.245,$78193.34
830,Catherine,Kelly,ckellyn1@gov.uk,Female,153.170.39.52,$36376.68
831,Howard,Hansen,hhansenn2@behance.net,Male,57.137.182.172,$38317.17
832,Jean,Ellis,jellisn3@time.com,Female,81.100.98.241,$96003.61
833,Rebecca,Warren,rwarrenn4@elegantthemes.com,Female,94.249.223.127,$55491.29
834,Beverly,Jenkins,bjenkinsn5@infoseek.co.jp,Female,234.78.186.254,$36005.90
835,Thomas,Snyder,tsnydern6@linkedin.com,,90.121.170.36,$45142.22
836,Louis,Adams,ladamsn7@go.com,Male,126.197.72.124,$66308.20
837,Cheryl,Bishop,cbishopn8@istockphoto.com,Female,216.230.221.82,$27272.03
838,Beverly,Chapman,bchapmann9@nhs.uk,Female,66.244.162.235,$42005.26
839,Albert,Harris,aharrisna@ft.com,Male,112.119.203.71,$63477.43
840,Kevin,Morgan,kmorgannb@yahoo.co.jp,Male,46.71.3.3,$95059.85
841,Steve,Kim,skimnc@washingtonpost.com,,54.24.106.54,$90638.24
842,Christopher,Butler,cbutlernd@cbslocal.com,Male,197.252.231.203,$42205.27
843,Ryan,Ortiz,rortizne@addtoany.com,Male,155.209.36.168,$89196.73
844,Kathleen,Fisher,kfishernf@wunderground.com,Female,187.178.18.129,$37936.27
845,Jessica,George,jgeorgeng@mashable.com,Female,207.229.70.8,$28450.86
846,Ann,Daniels,adanielsnh@google.com,Female,126.76.82.134,$30904.31
847,Earl,Romero,eromeroni@ted.com,Male,212.144.41.161,$49553.87
848,Tina,Hill,thillnj@bloglines.com,Female,155.253.223.63,$54598.59
849,Ruth,Griffin,rgriffinnk@ezinearticles.com,Female,35.37.54.66,-9999
850,Helen,Stewart,hstewartnl@zdnet.com,Female,108.144.113.10,$23573.26
851,Jeffrey,Nguyen,jnguyennm@google.de,Male,195.220.153.147,$63130.17
852,Willie,Stephens,wstephensnn@devhub.com,Male,33.120.223.95,$60408.86
853,Diane,Franklin,dfranklinno@csmonitor.com,Female,58.88.203.216,$41053.52
854,Helen,Spencer,hspencernp@goodreads.com,Female,230.215.193.1,$93302.19
855,George,Miller,gmillernq@hud.gov,Male,64.81.229.31,$61629.64
856,Linda,Cole,lcolenr@slashdot.org,Female,137.17.221.76,$72226.27
857,Ernest,Willis,ewillisns@census.gov,Male,88.105.21.73,$85485.91
858,Paula,Lewis,plewisnt@wordpress.com,Female,65.253.7.201,$72809.24
859,Dorothy,Wood,dwoodnu@pagesperso-orange.fr,Female,7.115.180.235,$59997.46
860,Marie,Elliott,melliottnv@geocities.com,Female,47.72.50.15,$66320.84
861,Marie,White,mwhitenw@moonfruit.com,Female,199.78.211.116,$56351.47
862,Angela,Murphy,amurphynx@geocities.com,Female,113.249.216.87,$39656.26
863,Judy,Olson,jolsonny@cmu.edu,Female,7.138.43.255,$54823.04
864,Catherine,Campbell,ccampbellnz@technorati.com,Female,39.186.25.65,$27995.47
865,Walter,Thomas,wthomaso0@businessinsider.com,,164.135.254.216,$45535.78
866,James,West,jwesto1@amazon.co.jp,Male,98.215.186.104,$44469.07
867,Jason,Davis,jdaviso2@zimbio.com,Male,121.154.119.243,$92386.29
868,Jason,Davis,jdaviso2@zimbio.com,Male,121.154.119.243,$92386.29
869,Jason,Davis,jdaviso2@zimbio.com,Male,121.154.119.243,$92386.29
870,Jason,Davis,jdaviso2@zimbio.com,Male,121.154.119.243,$92386.29
871,Jason,Davis,jdaviso2@zimbio.com,Male,121.154.119.243,$92386.29
872,Jason,Davis,jdaviso2@zimbio.com,Male,121.154.119.243,$92386.29
873,Jason,Davis,jdaviso2@zimbio.com,Male,121.154.119.243,$92386.29
874,Jason,Davis,jdaviso2@zimbio.com,Male,121.154.119.243,$92386.29
875,Jason,Davis,jdaviso2@zimbio.com,Male,121.154.119.243,$92386.29
876,Jason,Davis,jdaviso2@zimbio.com,Male,121.154.119.243,$92386.29
877,Carolyn,Adams,cadamsoc@ox.ac.uk,Female,225.28.121.37,$32219.85
878,Rachel,West,rwestod@illinois.edu,,55.201.125.209,$82923.24
879,Terry,Rivera,triveraoe@salon.com,Male,222.167.46.43,$90490.32
880,Roger,Fox,rfoxof@deliciousdays.com,,28.103.86.205,$73833.45
881,John,Simmons,jsimmonsog@goo.ne.jp,Male,2.225.16.160,$97841.90
882,Gregory,Turner,gturneroh@intel.com,Male,1.101.51.191,$26077.01
883,Sandra,West,swestoi@symantec.com,Female,192.54.88.246,$43277.97
884,Sarah,Gibson,sgibsonoj@moonfruit.com,Female,65.54.217.247,$32910.19
885,Jonathan,Rice,jriceok@ask.com,,165.178.142.221,$97251.60
886,Steven,Long,slongol@php.net,Male,163.110.82.102,$71005.86
887,John,Berry,jberryom@ebay.co.uk,Male,139.145.246.82,$87299.00
888,Michael,Watkins,mwatkinson@walmart.com,Male,170.32.123.223,$69176.68
889,Rachel,Simpson,rsimpsonoo@soundcloud.com,Female,124.28.86.112,$61618.17
890,Jimmy,Gibson,jgibsonop@adobe.com,,165.149.141.102,$47319.23
891,Shirley,Flores,sfloresoq@reddit.com,Female,4.178.142.17,$76039.10
892,Roy,Smith,rsmithor@so-net.ne.jp,Male,102.111.132.249,$40037.17
893,Anna,Williamson,awilliamsonos@baidu.com,Female,51.251.47.212,$95902.94
894,Joseph,Gutierrez,jgutierrezot@odnoklassniki.ru,Male,193.240.46.228,$94571.52
895,Russell,Baker,rbakerou@webnode.com,Male,177.207.182.199,$63072.21
896,Teresa,Dean,tdeanov@alibaba.com,,247.133.224.77,$57959.42
897,Kimberly,Morales,kmoralesow@foxnews.com,Female,209.254.6.81,$27813.39
898,Phillip,Montgomery,pmontgomeryox@slate.com,Male,158.238.140.126,$37072.09
899,Joshua,Ryan,jryanoy@g.co,Male,230.181.198.233,$62413.57
900,Richard,Mendoza,rmendozaoz@timesonline.co.uk,Male,119.204.219.118,$54795.21
901,Denise,Thompson,dthompsonp0@go.com,Female,240.121.155.165,$68760.00
902,Ryan,Wagner,rwagnerp1@baidu.com,Male,56.93.230.252,$38842.78
903,Scott,Dixon,sdixonp2@wsj.com,Male,239.96.3.116,$60335.28
904,Gerald,Hall,ghallp3@buzzfeed.com,Male,197.251.118.179,$41197.29
905,Beverly,Miller,bmillerp4@tiny.cc,Female,33.114.137.201,$35397.12
906,Joyce,Brown,jbrownp5@zdnet.com,Female,171.40.248.75,-9999
907,Stephanie,Lee,sleep6@shareasale.com,Female,240.225.70.233,$51162.04
908,Lawrence,Robertson,lrobertsonp7@google.ca,Male,150.179.89.31,$89903.16
909,Kelly,Jones,kjonesp8@weebly.com,Female,57.142.171.93,$93784.30
910,Amanda,Chavez,achavezp9@privacy.gov.au,Female,131.163.46.183,$24098.56
911,Ashley,Peterson,apetersonpa@home.pl,Female,194.14.155.198,$83242.38
912,Paul,Dean,pdeanpb@amazonaws.com,Male,247.51.48.5,$47823.13
913,Patrick,Richards,prichardspc@home.pl,,173.182.42.247,$25184.38
914,Jesse,Perez,jperezpd@liveinternet.ru,Male,127.50.20.22,$71881.67
915,Christopher,Porter,cporterpe@123-reg.co.uk,Male,98.130.99.219,$65860.80
916,Martha,Richardson,mrichardsonpf@cmu.edu,Female,228.20.46.38,$34803.81
917,Ronald,Davis,rdavispg@cbslocal.com,Male,226.33.46.97,$94675.44
918,Phillip,Rodriguez,prodriguezph@taobao.com,Male,198.122.12.110,$26817.46
919,Samuel,Nguyen,snguyenpi@microsoft.com,Male,71.66.75.225,$55349.52
920,Robert,Perry,rperrypj@geocities.com,,52.169.76.1,$32232.53
921,Kevin,Moore,kmoorepk@house.gov,Male,100.1.129.95,$52656.61
922,Randy,Hudson,rhudsonpl@google.com.br,,71.105.186.72,$21568.08
923,Juan,Flores,jflorespm@list-manage.com,Male,170.3.86.188,-9999
924,Joe,Wells,jwellspn@engadget.com,Male,178.177.250.101,$95150.33
925,Shirley,Alvarez,salvarezpo@yale.edu,Female,95.99.122.233,$21481.15
926,Jimmy,Rivera,jriverapp@google.com,Male,11.17.90.223,$38804.65
927,Jeffrey,Gordon,jgordonpq@jugem.jp,Male,109.84.95.119,$28197.89
928,Roger,Berry,rberrypr@archive.org,Male,155.23.197.128,$54211.76
929,Lillian,Washington,lwashingtonps@reddit.com,Female,59.25.219.1,$42879.22
930,Daniel,Bailey,dbaileypt@bbc.co.uk,Male,36.192.58.90,$56281.93
931,Theresa,Romero,tromeropu@prweb.com,Female,169.206.50.118,$89836.63
932,Judy,Nguyen,jnguyenpv@wufoo.com,Female,171.236.106.44,$39283.21
933,Janice,Mason,jmasonpw@bigcartel.com,Female,244.46.201.45,$94593.95
934,Jimmy,Payne,jpaynepx@oakley.com,Male,99.110.4.142,$70178.00
935,Jonathan,Burns,jburnspy@bizjournals.com,,55.194.204.163,$85031.86
936,Sharon,Simmons,ssimmonspz@ifeng.com,Female,252.141.96.51,$75908.26
937,Joyce,Larson,jlarsonq0@simplemachines.org,Female,70.23.244.70,$56579.82
938,Lawrence,Kennedy,lkennedyq1@mlb.com,Male,174.84.8.112,$68431.74
939,Christopher,Ruiz,cruizq2@bbc.co.uk,Male,161.46.168.183,$24895.75
940,Craig,Chapman,cchapmanq3@usnews.com,Male,189.57.11.145,$80417.97
941,Brandon,Ramirez,bramirezq4@cyberchimps.com,Male,69.54.107.138,-9999
942,Brian,Owens,bowensq5@msu.edu,Male,180.236.35.24,$95039.80
943,Lois,Wallace,lwallaceq6@bbb.org,Female,236.194.109.200,$38920.24
944,Howard,Gilbert,hgilbertq7@jimdo.com,Male,159.3.253.202,$86458.62
945,Paula,Duncan,pduncanq8@nyu.edu,Female,118.145.87.204,$82870.66
946,Rebecca,Mcdonald,rmcdonaldq9@tumblr.com,Female,60.12.253.15,$41437.88
947,Bruce,Hawkins,bhawkinsqa@mozilla.com,Male,213.143.147.165,$83771.13
948,Kathleen,Adams,kadamsqb@moonfruit.com,,179.48.157.134,$80627.68
949,Helen,Frazier,hfrazierqc@liveinternet.ru,Female,131.197.199.195,$52153.67
950,Christine,Price,cpriceqd@gnu.org,Female,17.14.153.251,-9999
951,Frances,Dixon,fdixonqe@surveymonkey.com,Female,19.146.26.247,$74083.59
952,Sean,Lawson,slawsonqf@pbs.org,,119.163.160.229,$66990.02
953,Edward,Allen,eallenqg@eepurl.com,Male,10.102.93.188,$58999.60
954,Judy,Hudson,jhudsonqh@shop-pro.jp,Female,234.193.189.107,$74060.69
955,Norma,Matthews,nmatthewsqi@yandex.ru,Female,114.4.124.16,$53531.49
956,Kimberly,Garrett,kgarrettqj@hubpages.com,Female,131.176.113.16,$87349.57
957,Anne,Perez,aperezqk@discuz.net,Female,126.46.142.88,$35772.45
958,Steven,Chapman,schapmanql@lycos.com,Male,172.96.141.103,$90371.91
959,Anne,Banks,abanksqm@ucsd.edu,Female,50.132.248.137,$42518.10
960,Anna,Clark,aclarkqn@parallels.com,,189.92.15.35,$29295.08
961,Antonio,Barnes,abarnesqo@is.gd,Male,99.192.194.214,$46785.07
962,Kenneth,Gray,kgrayqp@google.co.jp,Male,90.16.198.197,$48010.70
963,Jason,Lee,jleeqq@youtu.be,Male,67.127.247.96,$67997.32
964,Jason,Lee,jleeqq@youtu.be,Male,67.127.247.96,$67997.32
965,Jason,Lee,jleeqq@youtu.be,Male,67.127.247.96,$67997.32
966,Jason,Lee,jleeqq@youtu.be,Male,67.127.247.96,$67997.32
967,Jason,Lee,jleeqq@youtu.be,Male,67.127.247.96,$67997.32
968,Jason,Lee,jleeqq@youtu.be,Male,67.127.247.96,$67997.32
969,Jason,Lee,jleeqq@youtu.be,Male,67.127.247.96,$67997.32
970,Donna,Jordan,djordanqx@a8.net,Female,68.79.92.142,$41482.92
971,Beverly,Hicks,bhicksqy@cbslocal.com,Female,203.48.251.151,$39856.72
972,Nancy,Cunningham,ncunninghamqz@pbs.org,,170.248.231.15,$35246.41
973,Howard,Dean,hdeanr0@europa.eu,,190.32.33.74,$33171.75
974,Daniel,Carr,dcarrr1@phpbb.com,Male,45.7.54.84,$71298.59
975,Mildred,Oliver,moliverr2@unesco.org,Female,13.232.182.203,$38230.45
976,Mark,George,mgeorger3@wisc.edu,Male,7.3.120.85,$91419.96
977,Russell,Hudson,rhudsonr4@fda.gov,Male,173.236.252.128,$52789.06
978,Justin,Thomas,jthomasr5@sogou.com,Male,215.241.47.61,$28966.85
979,Frank,Hunt,fhuntr6@techcrunch.com,Male,79.169.59.99,$86343.19
980,Janet,Evans,jevansr7@wunderground.com,Female,98.121.88.72,$35518.63
981,Theresa,Fuller,tfullerr8@i2i.jp,Female,246.192.213.0,$21562.65
982,Judy,Alexander,jalexanderr9@nydailynews.com,Female,123.118.77.68,$99520.15
983,Wanda,Elliott,welliottra@forbes.com,Female,135.145.237.151,$88548.89
984,Mildred,Woods,mwoodsrb@redcross.org,,38.211.74.179,$38663.15
985,Billy,Holmes,bholmesrc@indiegogo.com,Male,74.245.37.99,$25114.85
986,Melissa,Evans,mevansrd@loc.gov,,186.250.127.52,$66114.81
987,Albert,Palmer,apalmerre@youtu.be,Male,10.196.115.2,$55267.17
988,Beverly,Powell,bpowellrf@amazonaws.com,Female,62.176.162.59,$28018.14
989,Albert,Gonzalez,agonzalezrg@fastcompany.com,Male,146.21.5.146,$64099.08
990,Carlos,Burns,cburnsrh@jigsy.com,Male,59.0.35.127,$47023.62
991,Larry,Young,lyoungri@mashable.com,Male,115.238.205.37,$61211.56
992,Ruth,Jackson,rjacksonrj@yelp.com,,67.63.49.24,$51046.07
993,Julie,Cook,jcookrk@lycos.com,Female,238.86.79.159,$52185.79
994,Sarah,Sullivan,ssullivanrl@psu.edu,Female,41.255.30.209,$59348.33
995,Ruth,Burke,rburkerm@wp.com,Female,33.115.71.238,$62097.93
996,Karen,Banks,kbanksrn@forbes.com,Female,89.184.219.2,$54782.32
997,Brandon,Shaw,bshawro@flavors.me,Male,131.245.177.160,$40061.61
998,Paula,Perkins,pperkinsrp@umich.edu,Female,196.217.154.176,-9999
999,Emily,Anderson,eandersonrq@jugem.jp,Female,248.157.101.78,$84922.24
1000,Doris,Cole,dcolerr@zimbio.com,Female,57.212.9.140,$68867.22
